name,amenity,lat,lon,x_m,y_m,level
Msizu Business Center,doctors,-2.5197174,32.9074773,489714.4231070418,9721493.352271551,Dispensary/Clinic
Government Hosp.,hospital,-2.5097961,32.9042499,489355.55829805776,9722589.950837824,Hospital
AICT Makongoro Kituo cha Afya,hospital,-2.5054144,32.9011559,489011.56455687125,9723074.244795628,Health Centre
Igekemaja dispensary,clinic,-2.5995669,33.0509958,505668.7559275805,9712667.657262046,Dispensary/Clinic
Unnamed,doctors,-2.515949,32.9039048,489317.24385439383,9721909.853617629,Dispensary/Clinic
Rock City Eye Clinic,doctors,-2.5152754,32.9043102,489362.30613555986,9721984.311512193,Dispensary/Clinic
Nyakahoja Dispensary,clinic,-2.511042,32.9020674,489112.94205787673,9722452.220640777,Dispensary/Clinic
Unnamed,hospital,-2.4786176,32.9107046,490072.88763248373,9726036.232357834,Hospital
Hospital,hospital,-2.4760023,32.9121852,490237.46928133786,9726325.318353234,Hospital
Neema Hospital,hospital,-2.4916302,32.8937101,488183.6955941835,9724597.779987358,Hospital
Mhandu Dispensary,hospital,-2.5509665,32.9555074,495053.960515509,9718039.599566018,Dispensary/Clinic
Nguge,clinic,-2.8430565,33.1599011,517771.25786263216,9685753.015374642,Dispensary/Clinic
zahanati ya pasiansi,yes,-2.4740961,32.9096563,489956.31230048067,9726535.996052265,Dispensary/Clinic
Ebenezar Maabara,laboratory,-2.4586591,32.9128933,490316.0646411143,9728242.306136984,Dispensary/Clinic
Mikoroshoni medicated shop,laboratory,-2.5494956,33.1021011,511350.13154295244,9718201.817066934,Dispensary/Clinic
bujora health center,hospital,-2.5546634,33.0460016,505113.77355728275,9717630.96687021,Health Centre
"Kliniki ya Mama, Baba na Mtoto",clinic,-2.5558494,33.0342865,503811.45933600754,9717499.916266134,Dispensary/Clinic
CF Hospital,hospital,-2.5213063,32.8984618,488712.1993812063,9721317.65277571,Hospital
Dr Chacha Memorial Hospital,hospital,-2.5210595,32.8984637,488712.4084741171,9721344.932180565,Hospital
The New Mwanza Poly Clinic,doctors,-2.4837924,32.9074577,489711.96425455244,9725464.225191336,Dispensary/Clinic
Sekoutoure Health Center,hospital,-2.5575805,33.0503482,505596.95136734954,9717308.514999544,Health Centre
Uhuru Hospital,hospital,-2.5729632,32.9169823,490771.4559613575,9715608.039857183,Hospital
TMDA,clinic,-2.5338,32.9401397,493345.5148947279,9719936.982889801,Dispensary/Clinic
Unnamed,doctors,-2.5028205,32.8958988,488427.11272020434,9723360.909406941,Dispensary/Clinic
Unnamed,hospital,-2.4600226,32.9211071,491229.2290356098,9728091.652236104,Hospital
Unnamed,hospital,-2.5245362,32.9179788,490881.8897819242,9720960.797357015,Hospital
Marie Stopes,clinic,-2.4987443,32.9037025,489294.6146279494,9723811.527484465,Dispensary/Clinic
Misungwi,clinic,-2.8476603,33.0951137,510570.7963444049,9685244.938651014,Dispensary/Clinic
health clinic,clinic,-2.5590276,32.9131293,490343.03784087236,9717148.346639063,Dispensary/Clinic
Nyamagana District Hospital,hospital,-2.5630944,32.9141435,490455.8113433305,9716698.841116596,Hospital
Wodi ya Watoto,clinic,-2.5640437,32.9138589,490424.18097944534,9716593.910593448,Dispensary/Clinic
Bugarika Dispensary,clinic,-2.535276,32.9177427,490855.7182917392,9719773.700657979,Dispensary/Clinic
Wambele Dispensary,clinic,-2.5325964,32.9124641,490268.89271432546,9720069.84466824,Dispensary/Clinic
Kariakoo Eye Center,doctors,-2.5193915,32.9073754,489703.0925032217,9721529.373955159,Dispensary/Clinic
Manyilzi,clinic,-2.5258138,32.9148449,490533.51024256326,9720819.558873644,Dispensary/Clinic
MENT Hospital,hospital,-2.4944608,32.919879,491092.9272928611,9724285.11312757,Hospital
Uhuru hospital,hospital,-2.5206912,32.9110479,490111.36775835755,9721385.743528761,Hospital
Mwanza hospital,hospital,-2.476025,32.92234,491366.3977161353,9726322.879698843,Hospital
Access Medical & Dialysis Center,doctors,-2.4823263,32.9089665,489879.68830349675,9725626.288196491,Dispensary/Clinic
Kanyelele,clinic,-2.6686173,33.0976604,510855.4562910453,9705035.035160322,Dispensary/Clinic
Koromije,clinic,-2.6923591,33.1643884,518272.28120069474,9702409.994727364,Dispensary/Clinic
Mwambola,clinic,-2.7958958,33.103674,511522.68613700767,9690966.53786031,Dispensary/Clinic
Seth Benjamin,clinic,-2.664094,32.924147,491568.519332074,9705535.177913673,Dispensary/Clinic
Idetemya,clinic,-2.6846875,32.9850791,498341.487528956,9703259.176945075,Dispensary/Clinic
Amen Maabara,doctors,-2.5321013,32.9400009,493330.07623134006,9720124.743351271,Dispensary/Clinic
Bugando Medical Centre,hospital,-2.5276635,32.9074935,489716.28647306026,9720615.05135225,Hospital
Unnamed,laboratory,-2.4920143,32.9069358,489654.00804611907,9724555.4357349,Dispensary/Clinic
Hindu Union Hospital,hospital,-2.5327213,32.9087858,489859.9876065076,9720056.010992149,Hospital
Bukumbi Camp,clinic,-2.7061447,32.9099092,489986.2502522892,9700887.097387005,Dispensary/Clinic
Unnamed,clinic,-2.5150959,32.9010098,488995.4036733941,9722004.124713551,Dispensary/Clinic
Mwanza Dispensary,clinic,-2.5321477,32.9501025,494453.04195234616,9720119.662233656,Dispensary/Clinic
makongoro clinic,clinic,-2.5159156,32.904328,489364.2901233029,9721913.548853891,Dispensary/Clinic
Bukumbi Hospital,hospital,-2.7146745,32.9224811,491383.7001362481,9699944.372665267,Hospital
Star Medicare And Dispensary,clinic,-2.5255395,32.9184492,490934.19006928435,9720849.903575653,Dispensary/Clinic
Sahara Optical Centre,clinic,-2.5205324,32.9071827,489681.67935967556,9721403.266087797,Dispensary/Clinic
Mwaloni Dispensary,clinic,-2.5047506,32.89588,488425.0396659437,9723147.570757538,Dispensary/Clinic
Kirumba Dispensary,clinic,-2.5033256,32.8956386,488398.1908031192,9723305.07722055,Dispensary/Clinic
Bora Dental Care Clinic,clinic,-2.4997333,32.903552,489277.8915633917,9723702.209799329,Dispensary/Clinic
Huduma Health Centre,clinic,-2.4931086,32.9105782,490058.94395534875,9724434.50829842,Health Centre
Unnamed,doctors,-2.493012,32.9101882,490015.5867411442,9724445.182767028,Dispensary/Clinic
Mpango Wa Damu Salama,hospital,-2.5296447,32.9068403,489643.68752699887,9720396.059465637,Hospital
Buzuruga Health Center,hospital,-2.5343528,32.9386443,493179.2787144897,9719875.872871693,Health Centre
Unnamed,doctors,-2.5164116,32.948277,494250.0372873488,9721859.00073162,Dispensary/Clinic
Mwanza Hospital,hospital,-2.5187157,32.9075414,489721.5411379655,9721604.073017016,Hospital
Bugando Town Clinic,hospital,-2.5083415,32.9004427,488932.30307831906,9722750.699591616,Hospital
Usimau,clinic,-2.5262825,32.915832,490643.24723360554,9720767.759520113,Dispensary/Clinic
Unnamed,clinic,-2.5221409,32.9074453,489710.88475627854,9721225.47689782,Dispensary/Clinic
Unnamed,clinic,-2.5265823,32.9138202,490419.6023286526,9720734.607273804,Dispensary/Clinic
Aga Khan,clinic,-2.5314388,32.9017353,489076.19292474043,9720197.711493466,Dispensary/Clinic
Unnamed,hospital,-2.5285716,32.9224522,491379.21440956433,9720514.785797708,Hospital
Rainbow Clinic,clinic,-2.5285994,32.9224529,491379.29241025733,9720511.713004192,Dispensary/Clinic
Aga Khan Medical Centre,hospital,-2.522449,32.906629,489620.14072979294,9721191.41540375,Hospital
PEACE,doctors,-2.5506982,33.0264701,502942.5607486168,9718069.310591007,Dispensary/Clinic
JIM Maabara,doctors,-2.5314817,32.9484701,494271.5698814572,9720193.269620389,Dispensary/Clinic
Medical Hospital,hospital,-2.4893071,32.8974222,488596.3521888591,9724854.590319159,Hospital
Coner Dispensary,clinic,-2.5043211,32.8988171,488751.55206034717,9723195.06996219,Dispensary/Clinic
Kariakoo Eye Center,doctors,-2.5155755,32.9018211,489085.5987879578,9721951.120210057,Dispensary/Clinic
Int Health International,hospital,-2.5137866,32.906934,489653.978643652,9722148.893128723,Hospital
Mantis Health Care,clinic,-2.5181265,32.9012203,489018.8300331556,9721669.14714362,Dispensary/Clinic
Eyeris Vision Centre,clinic,-2.5182123,32.9002118,488906.7174290498,9721659.654931901,Dispensary/Clinic
CFK Watoto Clinic,clinic,-2.5242256,32.8943038,488249.9884408637,9720994.938810157,Dispensary/Clinic
Unnamed,doctors,-2.5181265,32.9011774,489014.06090893387,9721669.146782298,Dispensary/Clinic
Amref Health Africa,clinic,-2.5152232,32.9011773,489014.02548793115,9721990.055356156,Dispensary/Clinic
Kituo Cha Afya Makongoro,hospital,-2.5160456,32.9041515,489344.66992519674,9721899.178210143,Health Centre
CFK Dispensary,clinic,-2.5243446,32.8938295,488197.262577471,9720981.781162351,Dispensary/Clinic
Royal Hospital,hospital,-2.4914506,32.9025252,489163.67444692564,9724617.70734537,Hospital
Bahamas dispensary,hospital,-2.5139495,32.899859,488867.4610674937,9722130.829245867,Dispensary/Clinic
Clinic,clinic,-2.5002692,32.8968858,488536.8150696307,9723642.919230504,Dispensary/Clinic
ST Nikolas Medical Clinic,hospital,-2.4926426,32.9042453,489354.9086365049,9724485.9668617,Hospital
Good Samaritan Consultant Clinic,clinic,-2.509469,32.9057577,489523.1764467196,9722626.118130997,Dispensary/Clinic
Unnamed,clinic,-2.5182605,32.9066993,489627.9226890724,9721654.380667463,Dispensary/Clinic
Bujora Specialized Polyclinic,clinic,-2.5598698,33.0498879,505545.7723262269,9717055.475401964,Dispensary/Clinic
Isangijo Dispensary,clinic,-2.5561962,33.0656279,507295.52578705887,9717461.448189225,Dispensary/Clinic
Bukaliwashila Clinic,clinic,-2.5694982,33.0652182,507249.9066294595,9715991.149360042,Dispensary/Clinic
Dr. Agarwals Eye Hospital,hospital,-2.5357227,32.9032224,489241.54511399026,9719724.2142883,Hospital
Sahwa Dispensary,clinic,-2.60253465,32.971519406693574,496834.0698633524,9712339.703624034,Dispensary/Clinic
Unnamed,hospital,-2.61452725,32.91621092415198,490686.0110448369,9711013.858487586,Hospital
Bukumbi Mission Hospital,hospital,-2.7146587,32.92157695320625,491283.2031797677,9699946.11260365,Hospital
Karume Health Centre,clinic,-2.3973657,32.966346944761206,496258.5129645511,9735017.460391212,Health Centre
Juma Kisiwani Dispensary,clinic,-2.4376695,32.745931544444446,471753.8614506635,9730559.982216205,Dispensary/Clinic
Nyamatongo Dispensary,clinic,-2.5237729,32.79002113032688,476657.0687058962,9721043.570551274,Dispensary/Clinic
E.L.C.T. Nyakato Health Centre,clinic,-2.53624735,32.962500476756574,495831.30184001697,9719666.565177338,Health Centre
Chamabanda Dispensary,clinic,-2.5265832,32.73262360289784,470276.32269491826,9720731.76806098,Dispensary/Clinic
Ngoma B Dispensary,clinic,-2.5863707,32.7858449,476193.95628996176,9714124.370616006,Dispensary/Clinic
Mayuya Dispensary,clinic,-2.65049285,32.7141032,468220.51804541395,9707035.138982458,Dispensary/Clinic
Kasungamile Dispensary,clinic,-2.5900123500000003,32.71672259188852,468510.1736224341,9713720.340529945,Dispensary/Clinic
Ilekanilo Dispensary,clinic,-2.6231262500000003,32.74509694511341,471665.1003918118,9710060.816722965,Dispensary/Clinic
Nyampande Dispensary,clinic,-2.7050726000000003,32.75906539521889,473219.60636246554,9701003.313578991,Dispensary/Clinic
Kishinda Dispensary,clinic,-2.7743081,32.70295885,466985.0902754403,9693349.050135665,Dispensary/Clinic
Kahumulo Dispensary,clinic,-2.68069615,32.80719019762012,478568.37724701,9703698.674314396,Dispensary/Clinic
Kanyelele Dispensary,clinic,-2.66870005,33.09766007828577,510855.4198049342,9705025.88858942,Dispensary/Clinic
Nguge Dispensary,clinic,-2.8430219,33.159888699999996,517769.8802640659,9685756.840014393,Dispensary/Clinic
Buyagu Dispensary,clinic,-2.8413251500000003,32.801677697189085,477958.5975180202,9685943.725338526,Dispensary/Clinic
Bitoto Dispensary,clinic,-2.7712411,32.784376201149435,476034.2852499825,9693690.015722271,Dispensary/Clinic
Kalangalala Dispensary,clinic,-2.8060896,32.793514917951015,477050.69661192107,9689838.273690997,Dispensary/Clinic
Nyahiti Dispensary,clinic,-2.81160025,32.98963632610701,498848.1615006325,9689231.185969025,Dispensary/Clinic
Busulwangili Dispensary,clinic,-2.71030575,32.723975100000004,469319.34875810874,9700424.043135399,Dispensary/Clinic
St. Clare Hospital,hospital,-2.6162840000000003,32.916116416180486,490675.51850891777,9710819.679859195,Hospital
Nyashana JWTZ Dispensary,clinic,-2.51669,32.92148189903541,491271.269314163,9721828.0798965,Dispensary/Clinic
Kamanga Medics Hospital,hospital,-2.5929296500000003,32.923800358489686,491529.5084342098,9713401.147528172,Hospital
Luhanga Dispensary,clinic,-2.4757406,32.93613875,492900.4288363505,9726354.396899287,Dispensary/Clinic
Kabusungu Dispensary,clinic,-2.4313812500000003,33.01944205,502161.4788321975,9731257.683485169,Dispensary/Clinic
Welamasonga Dispensary,clinic,-2.5756930000000002,33.113056659277575,512567.7590657233,9715306.05173944,Dispensary/Clinic
Kanyama Dispensary,clinic,-2.5692031,33.02918859897914,503244.71741297905,9716023.915368339,Dispensary/Clinic
Igokelo Dispensary,clinic,-2.82019455,33.049845875034364,505539.92577032093,9688281.121115329,Dispensary/Clinic
Misungwi Hospital,hospital,-2.8474746499999997,33.0950399964157,510562.60672021407,9685265.459766196,Hospital
Igogo Dispensary,yes,-2.54013085,32.91401049527699,490440.8563483539,9719237.055747729,Dispensary/Clinic
Saidia Watoto,hospital,-2.49207,32.90572613516129,489519.5293426916,9724549.269526934,Hospital
Busekwa,hospital,-2.5230878,33.031789,503533.913697523,9721121.136509128,Hospital
Tambuka Reli,hospital,-2.5672815,32.93429326307056,492695.7731061341,9716236.163633727,Hospital
Busisi Dispensary,clinic,-2.72742695,32.86782607841749,485308.8880241643,9698534.281608531,Dispensary/Clinic
Lutale Dispensary,clinic,-2.4120738,33.089912798687024,509996.242094721,9733391.46054296,Dispensary/Clinic
Nyerere Dispensary,hospital,-2.51673885,32.97236924526267,496928.3345053205,9721822.91050115,Dispensary/Clinic
Igogwe Dispensary,clinic,-2.465127,32.996446445045045,499604.94178633945,9727527.710865442,Dispensary/Clinic
Matale Dispensary,clinic,-2.5103126500000004,33.10764235437552,511966.48835996346,9722532.752585659,Dispensary/Clinic
Sese Dispensary,clinic,-2.4495775,33.062122,506906.3502299946,9729246.270050148,Dispensary/Clinic
Koromije Health Centre,clinic,-2.6923619499999996,33.1643011,518262.5774654684,9702409.681015896,Health Centre
Kongolo Dispensary,clinic,-2.46154785,33.13473827389181,514979.2682923775,9727922.565892955,Dispensary/Clinic
Ng'ombe Dispensary,clinic,-2.76877005,33.04185465,504651.9744303706,9693965.245631242,Dispensary/Clinic
Ukiriguru Dispensary,clinic,-2.71246685,33.025901766057856,502879.0105068782,9700188.635080475,Dispensary/Clinic
Idetemya Dispensary,clinic,-2.68465325,32.98499254699924,498331.86680048384,9703262.962564994,Dispensary/Clinic
Mwagala Dispensary,clinic,-2.7180042999999996,33.06600132862968,507336.09008237114,9699576.39711195,Dispensary/Clinic
Medical Research (NIMR) Health Centre,clinic,-2.48903225,32.89726828779344,488579.2392740527,9724884.96879522,Health Centre
Mahina Dispensary,clinic,-2.5592361,32.9457371,493967.87910632323,9717125.49998372,Dispensary/Clinic
Sekou Toure Hospital,hospital,-2.5117872,32.90457839513857,489392.0928607254,9722369.872583658,Hospital
Unnamed,hospital,-2.50545825,32.89062449978995,487840.794571151,9723069.304956216,Hospital
Isamilo Dispensary,clinic,-2.73172235,32.94389226907152,493763.66063171206,9698060.16084125,Dispensary/Clinic
Kaunda Dispensary,clinic,-2.7579585,32.98294330821064,498104.20094215,9695160.343142401,Dispensary/Clinic
Zahanati ya Kijiji cha Nyang'homango,hospital,-2.6608506,32.98488418622898,498319.78973791166,9705893.927958554,Dispensary/Clinic
Busisi Health Centre,clinic,-2.7296179499999997,32.850927600754616,483430.65070163365,9698291.884584447,Health Centre
Ihayabuyaga Crops Store;Ihayabuyaga Dispensary,hospital,-2.5466038500000003,33.11746356594769,513057.9408878755,9718521.303788733,Dispensary/Clinic
Red Cross Dispensary,clinic,-2.55358545,33.04647127346831,505165.98918444774,9717750.11327068,Dispensary/Clinic
Nyanguge Health Centre,hospital,-2.5377989,33.175797752557415,519542.86165251734,9719493.801753035,Health Centre
Red Cross,yes,-2.5535933,33.04663157513202,505183.8091261025,9717749.244947173,Dispensary/Clinic
Unnamed,clinic,-2.5535964,33.046362748408455,505153.92492637486,9717748.903377602,Dispensary/Clinic
M-Vision Center,doctors,-2.5257123000000004,32.893362100000004,488145.31509882276,9720830.601759335,Dispensary/Clinic
Unnamed,hospital,-2.52843955,32.90734634226504,489699.933424199,9720529.271555917,Hospital
